类别,尺度,loss,Epoch0,Epoch1,Epoch2,Epoch3,Epoch4,Epoch5,Epoch6,Epoch7,Epoch8,Epoch9,Epoch10,Epoch11,Epoch12,Epoch13,Epoch14,Epoch15,Epoch16
person,L,AP:,,0.682,0.764,0.805,0.791,0.795,0.812,0.798,0.804,0.823,0.819,0.778,0.819,0.807,0.82,0.823,0.792
,,loss:,257375.0532110794,205666.76521666936,204657.57409545904,189101.111752175,178790.04310041305,166953.62031721295,157396.8366301824,149012.82645645156,142525.8108929884,133964.7247823246,127142.02861969873,121034.63887823527,114928.08930118743,109130.26405661173,104095.57497618718,98804.96851509303,96968.26302489793
,,loss变化:,1.0,0.7990936287364151,0.7951725372840021,0.7347297626281157,0.6946673380725175,0.6486783323956822,0.6115465918955927,0.5789715226760637,0.5537669992285523,0.5205039226255427,0.4939951523406837,0.47026561964019065,0.4465393512980925,0.4240125944417442,0.4044509119180869,0.38389489300682433,0.37675859340326956
,,mean:,129.20434398146554,103.2463680806573,95.9482297681477,88.65499847734412,83.82092972358792,78.27173948298778,73.7912970605637,69.86067813241986,66.81941438958668,62.80577814454974,59.6071395310355,56.743853201235474,53.880960760050364,51.16280546489064,48.80242614917355,46.32206681438961,45.46097657051004
chair,L,AP:,,0.304,0.362,0.419,0.36,0.344,0.413,0.486,0.443,0.459,0.488,0.403,0.427,0.53,0.492,0.477,0.501
,,loss:,95467.7805961192,77065.33881189395,80624.07119852492,73850.52682685902,70233.89771402036,65045.78192906869,61878.422098106916,57138.08714325217,53514.492079561925,51440.485723425576,48343.63623636874,45503.44906576584,44826.94014138428,40206.809771058855,39006.37865934634,37048.77615142,36472.54263060857
,,loss变化:,1.0,0.8072392416654408,0.8445160314306324,0.7735649280387802,0.7356816852289472,0.6813375310802272,0.6481602663403939,0.5985064991190845,0.5605502897983711,0.5388256163725738,0.5063869290194216,0.4766367122146712,0.4695504584004806,0.42115580272213093,0.40858160120391396,0.38807622760349414,0.38204033238090374
,,mean:,182.88846857494102,147.63474868178918,139.48801245419537,127.76907755511941,121.5119337612809,112.5359548945825,107.05609359534068,98.85482204714909,92.58562643522825,88.99738014433491,83.63950905946149,78.72569042520041,77.55525976018042,69.5619546212091,67.48508418572031,64.09822863567474,63.10128482804251
car,L,AP:,,0.731,0.778,0.778,0.795,0.844,0.8,0.823,0.828,0.823,0.81,0.822,0.829,0.803,0.772,0.806,0.812
,,loss:,68691.51471871285,49551.41584165835,49574.341295485865,43783.264932032216,40597.6989966865,36791.46364483241,33025.55582724002,31183.417395714707,28736.75503103922,26795.97152046726,25215.04974314715,23125.246155362885,21546.651246471825,20579.345123292558,18773.673088543514,17966.31225406016,16959.86956614037
,,loss变化:,1.0,0.7213615254310242,0.7216952704928619,0.6373897141637035,0.5910147587068266,0.5356041979200923,0.4807807188773965,0.4539631644957709,0.41834504812878726,0.3900914345854065,0.3670766301544097,0.33665360634511,0.3136726760896731,0.2995907894528691,0.2733041069980833,0.26155067809511856,0.2468990476566123
,,mean:,138.49095709417912,99.90204806785958,90.79549687817924,80.18912991214691,74.35476006719139,67.38363304914361,60.486365983956084,57.11248607273756,52.6314194707678,49.07687091660671,46.18140978598379,42.35393068747781,39.46273122064437,37.691108284418604,34.38401664568409,32.90533379864498,31.06203217241826
person,M,AP:,,0.463,0.521,0.619,0.606,0.628,0.654,0.672,0.671,0.667,0.659,0.67,0.68,0.677,0.666,0.643,0.703
,,loss:,90601.78453838838,73315.42030538527,58036.420116709734,53572.4120890923,50120.029909878656,45440.17256000515,42181.77755920273,40781.81288785081,38412.77346970441,35358.3758132881,32899.90087442671,32300.91416739564,30194.09224729087,28530.046794977607,27836.793139132642,25778.436308131084,25209.350620322035
,,loss变化:,1.0,0.8092050358491691,0.6405659713260885,0.5912953300207175,0.5531903170035528,0.5015372797734678,0.4655733634179151,0.450121519080801,0.4239736961630015,0.39026136177601,0.3631264112737964,0.35651520918674173,0.3332615621328904,0.31489497630026586,0.3072433206581937,0.28452459782631156,0.27824342256350054
,,mean:,144.50045380923189,116.93049490492068,111.1808814496355,102.62914193312702,96.0153829691162,87.05013900384128,80.80800298697841,78.1260783292161,73.58768863928047,67.73635213273582,63.02663002763738,61.87914591455103,57.84308859634267,54.655262059344075,53.327189921710044,49.383977601783684,48.29377513471654
dog,L,AP:,,0.196,0.557,0.531,0.788,0.796,0.751,0.633,0.745,0.648,0.73,0.69,0.693,0.756,0.645,0.835,0.788
,,loss:,43253.25190304248,33407.10008037966,31585.314197262687,27881.23138069749,25318.027305725525,23470.634413112944,21377.597645730475,19655.62211844862,18289.001788280402,16741.08518733197,15340.77497437713,14509.913584902155,13925.147803845588,13009.541411841712,12439.893421689667,11593.247460095832,10868.470170873265
,,loss变化:,1.0,0.7723604263389447,0.7302413762568669,0.644604281851379,0.5853439034475145,0.542632828295206,0.49424255299118336,0.45443108329771664,0.42283530101453326,0.38704801259473354,0.3546733320483133,0.3354641083964721,0.32194452881971813,0.30077603045903245,0.28760596890091006,0.2680318114828344,0.2512752149881421
,,mean:,166.358661165548,128.4888464629987,119.64134165629805,105.61072492688443,95.90161858229365,88.90391823148843,80.97574865806997,74.45311408503265,69.27652192530455,63.41320146716655,58.10899611506488,54.961793882205136,52.74677198426359,49.27856595394588,47.12080841549116,43.91381613672664,41.168447616944185
car,M,AP:,,0.53,0.612,0.674,0.703,0.699,0.724,0.727,0.757,0.724,0.755,0.704,0.697,0.749,0.732,0.746,0.75
,,loss:,49850.82696123545,38350.670195559505,33527.27994684059,30920.64863713533,27203.615844218606,25613.18670213387,23237.020847805292,22445.247915410437,20872.89789432691,18345.741861746657,18645.09433716386,16387.495163103507,15694.949292569247,14516.494088547168,14647.099270030629,13621.290800532175,12938.620103856505
,,loss变化:,1.0,0.7693086059611691,0.6725521318414992,0.6202635045789625,0.5457003926007573,0.5137966261231928,0.4661311008115202,0.4502482563200829,0.4187071542575995,0.36801278895558764,0.3740177540417231,0.3287306582867041,0.3148382935507532,0.29119866155551144,0.2938185816139094,0.273241019875643,0.2595467496239875
,,mean:,172.49421093853095,132.7012809534931,130.45634220560538,120.31380792659662,105.8506453082436,99.66220506666875,90.41642353231632,87.33559500159703,81.21750153434596,71.38420957878077,72.54900520297222,63.76457261907979,61.06984160532781,56.484412795903374,56.992604163543305,53.00113151958045,50.34482530683465
pottedplant,L,AP:,,0.155,0.331,0.369,0.439,0.374,0.399,0.479,0.481,0.501,0.501,0.567,0.501,0.553,0.487,0.55,0.483
,,loss:,38407.241142679646,31630.8291330939,33231.21354394404,29679.16769649638,26295.347924908427,24071.848824586457,22303.00162423868,20147.922208740034,18483.78245630787,17240.45505084022,16271.721884549253,14744.678517233917,14656.801996879789,13158.556022244993,12724.68740282518,11643.52476228509,11698.376200971294
,,loss变化:,1.0,0.8235642079989044,0.8652330278161062,0.7727492736653692,0.6846455809523896,0.626752875458083,0.580697830947683,0.5245865521528144,0.4812577500071453,0.4488855366307981,0.4236628667000888,0.38390360980260685,0.38161559020683133,0.34260612402130297,0.3313095922603252,0.30315962344263103,0.3045877770161314
,,mean:,193.9759653670689,159.75166228835303,145.7509365962458,130.171788142528,115.33047335486152,105.57828431836165,97.82018256245036,88.36807986289489,81.06922129959591,75.61603092473781,71.36720124802304,64.669642619447,64.28421928456048,57.712965009846464,55.810032468531496,51.0680910626539,51.30866754811971
bird,L,AP:,,0.464,0.652,0.761,0.817,0.783,0.766,0.852,0.853,0.899,0.881,0.881,0.864,0.84,0.835,0.858,0.887
,,loss:,36269.580755715986,27392.20776077251,25684.514624271007,22563.453908624804,19902.207803206667,17592.776512478493,16325.65688283787,14992.931703405719,13628.171515902459,12682.302036865221,11916.116435435726,10626.137922369866,10417.685978201314,9146.178272438225,8902.958702352089,8673.657816271574,7833.4887636644635
,,loss变化:,1.0,0.755239161579103,0.7081558178811647,0.6221040728481226,0.5487300208197232,0.4850559655202499,0.4501198123241331,0.41337482791396407,0.37574659623697737,0.34966773181866806,0.3285429880122829,0.29297658536334803,0.2872292913548363,0.2521721531340505,0.24546626999400878,0.23914414326128186,0.21597957849099003
,,mean:,170.27972185782153,128.601914369824,113.64829479765932,99.83829163108321,88.06286638587021,77.8441438605243,72.23741983556579,66.34040576728194,60.3016438756746,56.1163806940939,52.7261789178572,47.018309391017105,46.095955655758026,40.46981536477091,39.39362257677915,38.37901688615741,34.66145470647993
sofa,L,AP:,,0.378,0.279,0.297,0.452,0.418,0.516,0.55,0.55,0.471,0.462,0.497,0.485,0.459,0.51,0.417,0.454
,,loss:,35525.664207316244,27873.098430136975,26913.1385403663,25403.60280427409,23751.150728179575,22240.97491609784,21302.72191396899,20927.232211322662,19015.154912905327,18333.08816890053,17464.159643992436,16636.90706982548,15930.507246381845,15194.9111804441,14498.822444983678,13840.51428438485,13753.870054639932
,,loss变化:,1.0,0.784590494001143,0.7575689052092021,0.7150774903468915,0.6685631713900004,0.6260537392434588,0.5996431703473079,0.5890736367150837,0.5352512145005666,0.516051946612865,0.4915927691619577,0.4683067140627658,0.44842250248768256,0.42771645568036476,0.4081224874607061,0.38959199196434735,0.38715307261749743
,,mean:,168.36807681192533,132.09999255989086,125.17738855984327,118.15629211290275,110.47046850316082,103.4463949585946,99.08242750683252,97.33596377359378,88.44258099025734,85.2701775297699,81.22864950694157,77.38096311546735,74.09538254131091,70.67400549043768,67.43638346504036,64.37448504365047,63.971488626232244
horse,L,AP:,,0.476,0.559,0.76,0.577,0.651,0.8,0.643,0.78,0.741,0.811,0.751,0.732,0.83,0.753,0.711,0.838
,,loss:,31176.169395880777,24372.8432194801,22452.482092694932,20181.792117209065,18506.03411839298,17205.123061119175,16393.316317646553,15222.267933722133,14087.136207283254,13509.078556006203,12528.199845842992,11516.915172018309,11361.600943138706,10430.561299580824,9982.398478626405,9652.204490708675,9144.053206917444
,,loss变化:,1.0,0.7817779955577357,0.7201809115029224,0.6473467558164997,0.5935955082678673,0.5518677693415548,0.5258284335538848,0.4882661413731415,0.4518559040529382,0.43331425309073157,0.4018518018284283,0.36941405551703255,0.36443223023544014,0.33456840598765103,0.32019323323106375,0.30960200299604457,0.2933026534082671
,,mean:,158.2546669841664,123.72001634253857,112.82654317937151,101.4160407899953,92.99514632358282,86.45790482974459,82.37847395802288,76.49380871217151,70.78962918232791,67.88481686435279,62.95577811981403,57.8739455880317,57.0934720760739,52.4148809024162,50.16280642525832,48.50354015431495,45.95001611516304
cat,L,AP:,,0.728,0.747,0.787,0.672,0.675,0.778,0.87,0.804,0.866,0.877,0.824,0.89,0.871,0.904,0.843,0.835
,,loss:,29941.7471033782,22548.90767509726,20182.09934889703,18127.704591752237,16499.454263419404,14446.159754154562,13302.202821811958,12798.455815731022,11106.50010361296,10613.976210048562,9814.733308292152,9404.258379984172,8569.047274414334,7932.25997382278,7703.743920301242,7262.7857396981035,6909.446572980122
,,loss变化:,1.0,0.7530925833166617,0.6740454816886745,0.605432426142794,0.5510518209392612,0.4824755116752911,0.44426942676004133,0.4274451912088667,0.3709369418312889,0.35448753786485065,0.32779427581180787,0.31408515834144934,0.2861906235741175,0.2649230836943318,0.25729106233189913,0.24256385957112958,0.23076297281933023
,,mean:,161.84728163988214,121.88598743295816,107.9256649673638,96.93959674733817,88.23237574021071,77.2521911986875,71.13477444819229,68.44094019107499,59.39304868242225,56.75923106977841,52.48520485717729,50.29015176462124,45.82378221611943,42.418502533811655,41.19649155241306,38.83842641549788,36.94891215497392
bicycle,L,AP:,,0.466,0.574,0.695,0.686,0.661,0.691,0.798,0.835,0.739,0.793,0.75,0.809,0.882,0.846,0.784,0.753
,,loss:,32846.36209485452,24542.629630450523,23960.127748882824,21211.83111454502,19339.87330695769,18129.03653837774,16520.268828307977,15306.66486367626,15161.640963070018,13765.430266886866,13074.995958567184,12496.936978289945,12022.122239808607,11415.726392194047,10668.070449672396,9942.928236108142,9925.419270002083
,,loss变化:,1.0,0.7471947596380909,0.7294606227529912,0.6457893587511756,0.5887980303909314,0.5519343812268849,0.5029558153380987,0.4660079195215989,0.46159269995519936,0.41908538385878846,0.3980652688662718,0.3804663950973014,0.3660107687143809,0.34754918548445135,0.3247869708939116,0.30271018164491736,0.30217712516653183
,,mean:,183.49922958019286,137.10966273994705,128.81789112302593,114.04210276637107,103.97781347826714,97.46793837837494,88.81864961455902,82.29389711653903,81.5141987261829,74.00768960691863,70.29567719659777,67.1878332166126,64.63506580542261,61.37487307631208,57.355217471356966,53.45660341993625,53.36246919355958
motorbike,L,AP:,,0.038,0.444,0.564,0.692,0.799,0.688,0.688,0.732,0.779,0.707,0.782,0.768,0.681,0.658,0.786,0.782
,,loss:,29152.369731803155,22885.23242190576,21831.13329305711,19780.456967982296,17834.816361561014,16820.613896930565,14984.1679936501,14995.426100975006,13751.567095356371,12862.391001123544,12001.694767273051,11380.138035291853,10692.933567704245,10500.720647605007,9949.129874960097,9391.738641462349,8956.500865781896
,,loss变化:,1.0,0.7850213424310273,0.7488630767892911,0.6785196932516683,0.6117793004698517,0.5769895912983183,0.5139948529571317,0.5143810345069844,0.4717135252423199,0.44121253673218863,0.41168847945078235,0.3903675118004879,0.3667946608141094,0.3602012716019264,0.34128031328123243,0.32216038448554085,0.30723062818495317
,,mean:,176.6810286775949,138.69837831458037,125.46628329343167,113.68078717231205,102.4989446066725,96.67019480994577,86.11590800948333,86.18060977571842,79.03199480089869,73.92178736277899,68.97525728317845,65.40309215684974,61.45364119370256,60.34896923910924,57.17890732735688,53.97550943369166,51.47414290679251
bottle,L,AP:,,0.418,0.572,0.65,0.683,0.643,0.703,0.624,0.63,0.712,0.649,0.603,0.672,0.622,0.69,0.68,0.709
,,loss:,19417.301617639543,14889.66833144785,17208.845107611764,15034.648442820691,13479.762471981356,12250.38151880147,11155.084306373818,10544.103054091918,9463.741407392356,8764.0376043888,8186.083654616723,7930.004249452845,7452.702705970505,6711.620165633483,6875.529639568835,6277.7330031920865,6165.40032036796
,,loss变化:,1.0,0.7668247949509839,0.8862634698931844,0.7742913376368705,0.6942139921097861,0.6309003053067208,0.5744919930707593,0.5430261764339688,0.4873870527300802,0.45135198376004826,0.4215870884541506,0.40839888083362086,0.3838176309317942,0.345651537880853,0.3540929514800757,0.323306148650908,0.3175209636114956
,,mean:,141.73212859590907,108.68371044852445,100.63652109714482,87.92192071824965,78.82902030398454,71.63965800468696,65.2344111483849,61.661421368958585,55.343517002294476,51.251681897010535,47.871834237524695,46.374293856449384,43.58305676006143,39.24924073469873,40.20777566999318,36.71188890755606,36.05497263373076
tvmonitor,L,AP:,,0.566,0.63,0.664,0.693,0.715,0.75,0.77,0.791,0.777,0.774,0.739,0.814,0.788,0.829,0.781,0.773
,,loss:,31157.59086541184,22527.172461551207,21397.425638939603,18585.005496902933,16302.649669501672,15073.875396854257,13880.652094428162,12464.32118373993,10971.916993466752,10230.0551418813,9337.738153151082,8610.89668138383,8041.5003731583,7395.205560953848,7371.31899324637,6364.933317457967,6152.870537200368
,,loss变化:,1.0,0.7230075187410817,0.6867483988530374,0.5964840342497153,0.5232320348489878,0.48379463810174816,0.4454982464590074,0.4000412367432624,0.35214266214807766,0.3283326745662394,0.29969384325913795,0.27636593337974724,0.25809121147698233,0.23734843919409998,0.23658180201054313,0.2042819467317578,0.19747581139306547
,,mean:,204.98415043034106,148.20508198388953,132.9032648381342,115.43481675094989,101.25869359938928,93.62655525996433,86.21523040017492,77.41814399838466,68.14855275445187,63.54071516696459,57.99837362205641,53.48383031915423,49.94720728669752,45.9329537947444,45.78459002016379,39.53374731340352,38.216587187579925
train,L,AP:,,0.519,0.732,0.565,0.791,0.491,0.815,0.776,0.781,0.767,0.767,0.804,0.789,0.819,0.82,0.8,0.765
,,loss:,23534.315872886677,17226.320262978887,15324.033249567634,13455.709095446427,12223.327632284914,10872.25095941171,9808.186245892677,9114.163336970698,8440.834817586801,7512.925759865682,7027.8783083097305,6262.388148518426,5828.585509677945,5431.701142478076,4989.193574752989,4661.124396117895,4277.949089736418
,,loss变化:,1.0,0.7319660514468117,0.651135700410229,0.5717484701116138,0.5193831721434112,0.46197437895092464,0.4167610521958046,0.3872712249719954,0.3586607260299113,0.31923280882454474,0.2986225878104398,0.26609603535291937,0.24766326504493463,0.23079919432609508,0.2119965416331019,0.1980565069872231,0.18177494994298682
,,mean:,155.8563965091833,114.08159114555554,100.81600822083969,88.5244019437265,80.41662915976917,71.52796683823493,64.52754109139919,59.96160090112301,55.531808010439484,49.427143157011066,46.2360415020377,41.19992202972649,38.345957300512794,35.73487593735576,32.823641939164396,30.665292079722995,28.144401906160642
chair,M,AP:,,0.202,0.329,0.287,0.356,0.364,0.374,0.363,0.427,0.438,0.404,0.367,0.41,0.412,0.469,0.463,0.45
,,loss:,40827.29548631984,35754.61980570203,25202.218205657915,23526.47700306925,22338.330293963823,20609.98623916569,20230.701329973457,17756.228473534527,17283.060475428716,16308.819878368697,15104.494156058194,14428.734225470913,14547.629834103866,13252.147501712998,12836.585044164585,11758.911828389104,11850.758097206886
,,loss变化:,1.0,0.8757528359350295,0.6172884563000878,0.5762438271462864,0.5471420535668059,0.5048090007840846,0.49551901709365576,0.4349107199492108,0.42332121855144234,0.3994587367128777,0.3699606838057474,0.35340901359252674,0.3563211733919136,0.3245903835622286,0.3144118387284749,0.2880159385607408,0.29026556758278943
,,mean:,208.30252799142775,182.42152962092874,172.61793291546516,161.14025344567978,153.00226228742343,141.16428930935405,138.56644746557163,121.61800324338718,118.37712654403231,111.70424574225135,103.45543942505613,98.82694674980077,99.64130023358813,90.7681335733767,87.92181537099032,80.54049197526784,81.16957600826635
diningtable,L,AP:,,0.104,0.243,0.361,0.397,0.506,0.448,0.463,0.536,0.515,0.534,0.508,0.421,0.543,0.537,0.544,0.54
,,loss:,23008.890662524685,19265.555769735474,19575.287882997472,18321.049253181853,17349.307353540586,16466.157114921993,15565.6409698171,15223.828163377264,14515.853943443059,13906.923021324828,13314.628725135186,12952.490216660359,12448.85076013374,12163.766548145324,11664.785922165769,10750.548023176196,10937.97341652052
,,loss变化:,1.0,0.8373091972275699,0.8507706073322504,0.7962595642658222,0.7540262417691417,0.7156432422768191,0.6765054951201692,0.6616498112259188,0.6308802174059392,0.6044151899932959,0.5786732146465952,0.5629341460497481,0.5410452395434076,0.5286550632341801,0.5069686363091193,0.4672345216836532,0.47538030307282675
,,mean:,159.7839629341992,133.78858173427412,132.26545866890183,123.79087333230981,117.22504968608504,111.25781834406752,105.17324979606148,102.86370380660314,98.0800942124531,93.96569609003262,89.96370760226478,87.51682578824567,84.11385648739014,82.18761181179273,78.81612109571465,72.63883799443376,73.90522578730081
cow,L,AP:,,0.031,0.313,0.307,0.438,0.312,0.455,0.498,0.677,0.515,0.453,0.518,0.594,0.752,0.569,0.589,0.666
,,loss:,25921.613294046696,19939.314720394435,19362.97161051204,16798.64561419306,15472.641351553935,14493.066592821897,13568.076511527264,12896.591212669153,12044.891443062581,11414.022299364284,10798.477405147727,10108.00645841138,9872.33358477953,9520.59371186777,8553.65499407158,8893.708640411236,8046.681804601739
,,loss变化:,1.0,0.7692158082218521,0.7469817326130332,0.6480555598000196,0.596901171853662,0.5591112878823192,0.523427163179052,0.49752270687685385,0.46466596451498177,0.44032839198267393,0.41658199598355117,0.3899451142854925,0.3808533625122348,0.36728399594072814,0.3299815832078654,0.34310012033293535,0.31042364969042213
,,mean:,187.837777493092,144.4877878289452,130.83088926021648,113.50436225806122,104.54487399698606,97.92612562717498,91.67619264545449,87.13912981533211,81.38440164231474,77.12177229300191,72.96268516991708,68.29734093521203,66.70495665391574,64.32833589099845,57.79496617615932,60.09262594872457,54.36947165271445
bottle,M,AP:,,0.392,0.497,0.525,0.472,0.526,0.482,0.536,0.61,0.626,0.606,0.662,0.617,0.625,0.607,0.632,0.7
,,loss:,23728.493137657064,19196.461944305225,15067.345329691596,13026.1607496614,12141.246341767835,11535.770527169814,10391.806768077759,10172.90678598905,9465.897427133548,8627.16736565317,8193.10128476155,7883.55237749165,7391.3116493495945,7198.149492947304,6560.33170106121,6319.172453599564,6052.837139420462
,,loss变化:,1.0,0.8090046777492366,0.6349895563228899,0.5489670445608243,0.5116737194954746,0.4861568941713611,0.43794634188489556,0.4287211466388765,0.39892534988288786,0.3635783914133963,0.3452853595561497,0.3322399080192948,0.31149519720742824,0.3033546821194414,0.2764748550614864,0.26631157810737893,0.25508729544290465
,,mean:,149.23580589721425,120.73246505852343,108.39816783950788,93.71338668821151,87.34709598394126,82.99115487172529,74.76119977034358,73.1863797553169,68.09998149016941,62.06595227088611,58.94317471051475,56.716204154616186,53.174903952155354,51.78524815070003,47.1966309428864,45.46167232805441,43.545590931082465
boat,L,AP:,,0.171,0.207,0.191,0.332,0.308,0.348,0.416,0.478,0.516,0.603,0.534,0.469,0.445,0.54,0.503,0.558
,,loss:,22837.519530527938,17612.772210805284,16662.805502536376,15450.554911480667,14213.380550922117,12858.714085127684,11509.517456860898,11331.700807219666,9711.113897637368,9522.399379170149,8693.825791219504,7962.301390383515,7384.619219038062,7200.264787891544,6601.477678336644,6057.60698218981,5753.70634198696
,,loss变化:,1.0,0.7712208931999598,0.7296241380445216,0.6765426030978197,0.6223697162873776,0.5630521330453101,0.5039740608202046,0.4961878978175398,0.42522629853281946,0.4169629440903654,0.38068170142550184,0.34865000902308807,0.323354697482216,0.31528226076683274,0.2890628147909037,0.2652480263494612,0.25194094894131225
,,mean:,187.19278303711425,144.36698533446955,127.19698856897996,117.9431672632112,108.49908817497798,98.15812278723422,87.85891188443433,86.50153287953944,74.1306404399799,72.6900715967187,66.3650823757214,60.78092664414897,56.37113907662643,54.96385334268354,50.39295937661561,46.24127467320466,43.921422457915725
aeroplane,L,AP:,,0.335,0.542,0.447,0.669,0.719,0.74,0.769,0.712,0.785,0.737,0.83,0.768,0.811,0.772,0.771,0.781
,,loss:,17815.241406275294,12334.497825997878,11844.64978061901,10576.525281981898,9991.31323115225,8783.038966673063,7862.869565001316,7045.853288731879,6706.238538503513,6121.2853332855,5755.621859754179,5122.147680198164,4670.581454028416,4522.338065605912,4135.653880841547,3943.0565615846235,3973.6671716660358
,,loss变化:,1.0,0.6923564797529568,0.6648604703412446,0.5936784711913244,0.5608295168895595,0.4930070138471039,0.4413563299923444,0.3954958076655659,0.3764326503115072,0.34359822545706964,0.3230729086683497,0.2875149184559421,0.26216773309528296,0.25384657790901166,0.2321413326111198,0.2213305153527535,0.22304874130228391
,,mean:,144.8393610266284,100.28047013006405,91.11269062014622,81.35788678447614,76.85625562424808,67.56183820517741,60.48361203847166,54.19887145178368,51.58645029618087,47.08681025604231,44.27401430580138,39.40113600152434,35.927549646372434,34.78721588927624,31.812722160319595,30.33120431988172,30.5666705512772
bus,L,AP:,,0.387,0.16,0.391,0.367,0.458,0.499,0.732,0.706,0.636,0.811,0.78,0.763,0.792,0.795,0.736,0.733
,,loss:,20204.570206820907,15454.862245640115,14735.325893449564,13074.185076518168,11904.390542308378,10509.550711393733,9606.63831348401,8852.675012997759,8047.931589608606,7946.252831540305,7162.275097657501,6295.98626857369,5807.681450014751,5694.846582629784,5125.536590059739,4846.4385828747945,4775.119590862639
,,loss变化:,1.0,0.7649191290603486,0.7293065748300369,0.6470904821377702,0.5891929608227721,0.5201571032600233,0.47546858038291173,0.43815210728952625,0.3983223353541907,0.3932898720536857,0.3544878720181621,0.3116119869972891,0.28744394909494897,0.28185932807950786,0.25368204013215767,0.23986843240242117,0.23633858785328654
,,mean:,172.68863424633253,132.09283970632578,120.78135978237347,107.16545144687024,97.57697165826539,86.14385829011256,78.74293699577058,72.56290994260458,65.96665237384103,65.13321993065824,58.70717293161886,51.606444824374506,47.60394631159632,46.679070349424464,42.01259500048966,39.724906417006515,39.14032451526753
sheep,L,AP:,,0.105,0.174,0.434,0.206,0.155,0.552,0.35,0.583,0.699,0.73,0.738,0.36,0.538,0.589,0.557,0.511
,,loss:,18890.78940704154,13639.452867886153,14314.874773080965,12902.421814191497,12267.611455160339,11297.456404862685,10934.495684235184,9680.664698189516,9091.572861961733,8125.359168324844,8441.717286690115,7310.224947759338,6565.827706949662,6729.066502224103,6234.014211601185,5968.280039696103,5365.622813824968
,,loss变化:,1.0,0.7220160351161423,0.7577700679753011,0.6830006695952113,0.6493964434640084,0.5980404609587973,0.5788268265888006,0.5124542172166214,0.48127013996423307,0.43012279652517427,0.4468694825184736,0.3869729734552254,0.3475676725559309,0.35620885698486715,0.3300028430404003,0.31593597869824475,0.28403380601050654
,,mean:,205.33466746784282,148.2549224770234,144.5946946775855,130.32749307264137,123.91526722384181,114.11572126123924,110.44945135591095,97.7844919009042,91.83406931274477,82.07433503358429,85.26987158272843,73.8406560379731,66.32149198939052,67.97036870933437,62.969840521224086,60.2856569666273,54.198210240656245
pottedplant,M,AP:,,0.251,0.213,0.337,0.308,0.334,0.315,0.386,0.376,0.415,0.382,0.323,0.457,0.308,0.386,0.45,0.357
,,loss:,22508.041906321818,18805.432601076485,12601.331767683703,11101.092445199347,10115.533677586569,8855.976857441328,8452.602216960844,7757.778983264318,7058.263187101049,6123.978383283653,6156.575426836936,5673.990603671004,5345.90814102321,4954.232597367192,4423.188623110597,4358.852649558439,4613.083476906116
,,loss变化:,1.0,0.8354983822824062,0.559859085927167,0.49320560586309337,0.449418644220021,0.39345834232492505,0.37553698594220086,0.34466698682862307,0.3135885038990708,0.2720795708827791,0.2735278107469553,0.252087259624186,0.23751102664873347,0.220109444348231,0.1965159226875377,0.19365756771290588,0.20495267851844723
,,mean:,222.85190006259225,186.1924019908563,172.62098311895483,152.06975952327872,138.56895448748725,121.31475147179901,115.78907146521705,106.27094497622355,96.6885368096034,83.89011483950209,84.33664968269775,77.7258986804247,73.23161837018097,67.86619996393414,60.59162497411777,59.71031026792382,63.19292434117967
boat,M,AP:,,0.212,0.229,0.232,0.318,0.273,0.333,0.359,0.347,0.411,0.406,0.414,0.399,0.38,0.353,0.443,0.444
,,loss:,15582.383403162727,12946.374687154299,11302.61654215664,10128.992146824896,9606.44205526265,8642.263422232369,7874.992707236467,7555.289677824905,6875.338263777888,6484.082990707505,6053.68794794702,5235.219097747811,5366.700838764155,4717.466309619795,4781.9562000560445,4679.979942851546,4826.82080615954
,,loss变化:,1.0,0.8308340484374552,0.7253458119803784,0.6500284253543032,0.6164937549484791,0.5546175574449198,0.5053779324694382,0.48486097937311834,0.44122507359063023,0.4161162527544692,0.3884956358292605,0.33597036873609654,0.344408214065307,0.302743565445983,0.30688220642071096,0.30033787654728483,0.30976139408685377
,,mean:,194.77979253953407,161.82968358942873,152.73806138049514,136.87827225439048,129.81678453057637,116.78734354368066,106.41882036806037,102.09850915979601,92.90997653753902,87.62274311766899,81.80659389117595,70.74620402361907,72.52298430762372,63.74954472459182,64.6210297304871,63.24297220069657,65.22730819134513
sheep,M,AP:,,0.115,0.336,0.349,0.309,0.336,0.561,0.398,0.509,0.47,0.528,0.516,0.406,0.448,0.405,0.37,0.26
,,loss:,12426.864296309117,9401.765235765017,9649.863535396003,8647.214410133365,7724.2821332462,7286.515213113361,7281.467824624465,6381.698545475721,6152.11685575352,5953.288182600077,5443.765955481656,5054.260680460838,4718.5224875594095,4405.320819655951,4211.2835274191475,4050.9689723189667,4022.631080612665
,,loss变化:,1.0,0.7565677882679881,0.7765324626794302,0.6958484621660881,0.6215793420662343,0.5863518776235062,0.5859457101166802,0.5135405355131415,0.4950659079443517,0.4790660009354293,0.4380643278689782,0.40672051773849305,0.37970338896843436,0.35449979291753975,0.3388854522753527,0.32598480805187025,0.32370443457787024
,,mean:,218.0151630931424,164.94324975026345,153.17243706977783,137.25737158941848,122.60765290866983,115.65897163672001,115.5788543591185,101.29680230913843,97.65264850402413,94.49663781904884,86.40898342034376,80.22636000731488,74.89718234221284,69.9257272961262,66.8457702764944,64.30109479871376,63.85128699385182
bird,M,AP:,,0.266,0.276,0.381,0.259,0.369,0.314,0.421,0.423,0.413,0.471,0.438,0.492,0.454,0.439,0.46,0.464
,,loss:,13068.901194704578,10430.189380825215,8915.011149541202,7437.899770634282,7338.274867455187,6466.8744117032975,5826.72558279112,5006.289611426414,4965.443774337139,4206.416961361611,4002.916209081907,3767.6300174137746,3643.253096211858,3362.4220060032994,3428.7524806085394,3296.7225531654067,2576.8517962354185
,,loss变化:,1.0,0.7980922975415448,0.6821546063224886,0.5691296965079256,0.561506645289246,0.4948292373901815,0.44584663209115594,0.38306890050212683,0.37994347805989226,0.32186462340583166,0.306293249099156,0.2882897315759331,0.27877271714993734,0.25728421662302614,0.26235966050442294,0.25225705696674894,0.19717432688828795
,,mean:,195.0582267866355,155.6744683705256,148.58351915902003,123.96499617723802,122.30458112425312,107.78124019505496,97.11209304651867,83.43816019044023,82.75739623895232,70.10694935602686,66.71527015136512,62.79383362356291,60.7208849368643,56.040366766721654,57.14587467680899,54.94537588609011,42.947529937256974
person,S,AP:,,0.115,0.179,0.251,0.24,0.346,0.305,0.298,0.359,0.343,0.287,0.392,0.36,0.296,0.364,0.313,0.381
,,loss:,2850.018428906,2518.268401046,1778.3805021090002,1748.2780063733983,1682.1396459423013,1608.3672953430007,1482.9381826887982,1439.0169568480999,1476.7281292213538,1417.7721920189201,1325.6026018568998,1343.770175882761,1257.5328123242602,1198.0822393417004,1102.8694085968,1157.8939736184007,1175.3089724844203
,,loss变化:,1.0,0.8835972341458351,0.6239891237445943,0.6134269128373627,0.5902206206392857,0.5643357527201619,0.5203258223344313,0.5049149655500568,0.5181468702952234,0.49746071030254435,0.465120712347724,0.4714952585056009,0.4412367301101886,0.42037701482568757,0.3869692200622522,0.4062759601392706,0.4123864465450391
,,mean:,33.139749173325576,29.282190709837206,35.56761004218001,34.96556012746797,33.64279291884603,32.167345906860014,29.658763653775964,28.780339136962,29.534562584427075,28.355443840378403,26.512052037137995,26.87540351765522,25.150656246485205,23.961644786834007,22.057388171936,23.157879472368013,23.506179449688407
cow,M,AP:,,0.366,0.45,0.45,0.524,0.422,0.294,0.567,0.482,0.58,0.377,0.494,0.666,0.646,0.6,0.625,0.737
,,loss:,8407.635493440805,6974.689504570096,5404.700213587973,4673.6311210531485,4366.558390278414,4126.608952755733,3901.0418539387006,3857.3811170991025,3550.811656370445,3105.3274675398975,2964.8272681624203,2890.5531492583614,2641.2672187864378,2573.6000824904063,2493.0110100701195,2328.647095106862,2180.6981272302824
,,loss变化:,1.0,0.8295661140413833,0.6428323656281765,0.5558793699726006,0.5193562915144184,0.4908168242991857,0.46398798532382723,0.45879499891597697,0.42233177914772835,0.3693461104447868,0.35263508634210206,0.3438009594390027,0.31415101437818216,0.30610271871303096,0.2965174943674753,0.276968131756372,0.25937115481892004
,,mean:,200.1817974628763,166.06403582309753,158.96177098788155,137.45973885450437,128.4281879493651,121.37085155163922,114.73652511584413,113.45238579703243,104.4356369520719,91.33316080999698,87.20080200477707,85.01626909583416,77.684329964307,75.69412007324725,73.32385323735646,68.48962044431947,64.13818021265536
sheep,S,AP:,,0.275,0.324,0.381,0.439,0.46,0.419,0.452,0.473,0.596,0.445,0.404,0.498,0.547,0.598,0.449,0.478
,,loss:,1238.576599086,1004.3195928100002,692.0663000000001,678.4197431999999,672.8576647689997,607.39506149,618.7117442170002,543.8843412286,530.4580452032999,573.360570157,496.1197466943998,492.1330074469999,519.614139873,460.29692730459993,483.0087797251,451.9788579038101,443.9566741419998
,,loss变化:,1.0,0.8108659517313114,0.5587593859844487,0.5477414507109496,0.5432507486945344,0.490397656421269,0.4995345016800533,0.4391204723470119,0.42828037086664494,0.46291894306747594,0.40055637015951073,0.3973375629817054,0.41952523586869483,0.37163379935021634,0.38997085854967173,0.3649179697382827,0.35844103180184006
,,mean:,29.48991902585714,23.912371257380958,23.864355172413795,23.393784248275857,23.201988440310334,20.94465729275862,21.334887731620697,18.75463245615862,18.291656731148272,19.771054143344827,17.107577472220683,16.97010370506896,17.917728961137932,15.872307838089652,16.655475162934483,15.585477858752071,15.308850832482753
bottle,S,AP:,,0.054,0.092,0.113,0.16,0.165,0.063,0.18,0.174,0.233,0.238,0.255,0.265,0.249,0.192,0.275,0.214
,,loss:,779.7518821196002,765.6869392440401,851.7190833999998,798.1516354400001,746.8260749645999,684.9469361476002,639.2347328858702,621.3758139899999,579.97899332,483.44698104310004,462.81107704999994,431.5920203802,426.3108907573998,409.2825486700001,359.8708127231801,361.71057766221014,387.3927548899999
,,loss变化:,1.0,0.9819622841597672,1.0922950016930657,1.0235969335147788,0.9577739946385279,0.8784165217860179,0.8197924846917175,0.7968891492777337,0.7437994144283981,0.6200010440871855,0.5935363384977542,0.5534991710529804,0.5467263376121114,0.5248881830941492,0.4615196461532648,0.4638790696842847,0.49681541497142634
,,mean:,18.565521002847625,18.23064141057238,30.418538692857137,28.505415551428573,26.67235982016428,24.46239057670001,22.82981188878108,22.19199335678571,20.713535475714284,17.265963608682146,16.5289670375,15.414000727864286,15.225388955621423,14.617233881071432,12.852529025827861,12.918234916507505,13.83545553178571
tvmonitor,M,AP:,,0.545,0.657,0.633,0.69,0.728,0.698,0.698,0.75,0.738,0.712,0.725,0.764,0.773,0.743,0.698,0.708
,,loss:,7427.452873105304,6383.998810624657,5440.421326081996,4783.221463672706,4491.208290975533,4013.1521768862435,3528.869756844575,3314.428077101089,2786.99257845654,2818.9488686472932,2541.6404493843816,2461.3607661773954,2257.7048817057293,1977.8001332461918,1854.228575278467,2087.8588366812187,1801.3664048725002
,,loss变化:,1.0,0.8595138763843284,0.7324747014931162,0.6439921660079029,0.6046767805472224,0.5403133813770542,0.47511169941213083,0.4462402028968213,0.3752285778275616,0.37953103396383236,0.34219543264793006,0.33138692472758,0.30396758084872477,0.2662824210447402,0.24964528310810308,0.28110024692870483,0.24252815004659556
,,mean:,218.45449626780305,187.7646709007252,194.30076164578557,170.82933798831093,160.40029610626902,143.326863460223,126.0310627444491,118.37243132503889,99.53544923059071,100.6767453088319,90.77287319229934,87.90574164919269,80.63231720377605,70.63571904450684,66.2224491170881,74.56638702432925,64.33451445973215
aeroplane,M,AP:,,0.395,0.541,0.46,0.658,0.676,0.616,0.722,0.662,0.701,0.613,0.709,0.653,0.714,0.677,0.676,0.621
,,loss:,5562.647490226798,3858.6613399609023,3661.8759992084047,3089.369472912552,2490.7191748650016,2242.9715736472,2152.986673632758,1922.0333835372007,1681.3301560679172,1669.4632227755571,1652.388481979335,1443.603579549999,1519.5609595446008,1443.149711243213,1341.308369805941,1247.1373704438993,1289.380746633482
,,loss变化:,1.0,0.6936735334641129,0.6582973315569749,0.5553775389039785,0.44775786695831965,0.40322015327916283,0.38704352152736854,0.34552492979540506,0.3022535868077031,0.3001202621069722,0.2970507271730721,0.2595173578923192,0.27317225515626653,0.2594357657533992,0.24112769542965473,0.22419852644537275,0.23179263990731724
,,mean:,173.83273406958745,120.5831668737782,140.84138458493865,118.82190280432891,95.7968913409616,86.26813744796922,82.80717975510608,73.92436090527696,64.66654446415066,64.21012395290605,63.55340315305135,55.52321459807688,58.444652290176954,55.50575812473896,51.58878345407466,47.96682194014997,49.591567178210845
car,S,AP:,,0.251,0.316,0.4,0.414,0.473,0.456,0.478,0.505,0.601,0.504,0.567,0.53,0.572,0.562,0.54,0.572
,,loss:,1973.3806099210015,1714.1122005749799,1089.3977476870002,1044.5703162024001,963.9658367217,977.5205981099995,907.1083329889997,798.5082970175,886.6536879165653,830.7709227200004,753.0235284523002,800.2651808343007,680.2350364239102,618.6906801410003,598.7108211162001,622.2730703991999,571.3270733172997
,,loss变化:,1.0,0.8686171293856988,0.5520464436562043,0.5293303840885598,0.48848449806157246,0.4953533004204048,0.45967226414843165,0.40463978058924266,0.44930698287952664,0.4209886924718784,0.381590618994906,0.40553007200488156,0.3447054425304915,0.3135181713201123,0.3033934853247432,0.3153335282969618,0.2895169185533707
,,mean:,48.13123438831711,41.807614648170244,47.36511946465218,45.41610070445218,41.91155811833478,42.500895569999976,39.43949273865216,34.717752044239134,38.550160344198495,36.12047490086958,32.740153410969576,34.79413829714351,29.575436366256962,26.89959478873914,26.030905265921746,27.055350886921737,24.84030753553477
motorbike,M,AP:,,0.008,0.279,0.415,0.473,0.595,0.414,0.515,0.5,0.607,0.45,0.463,0.559,0.346,0.485,0.59,0.593
,,loss:,5233.222969586034,3880.3964111495034,2953.7942527405035,2611.4878119786013,2407.43914162549,2468.5182414507185,2263.7147076570004,2113.1532581649994,2028.7420940959448,1809.7828178905997,1914.7679528979609,1786.5402742576637,1739.49389720759,1402.8460423398917,1586.7228820563896,1509.1809555991397,1208.7899012772891
,,loss变化:,1.0,0.7414926582913122,0.5644311870346619,0.49902093359212996,0.46002991953846106,0.47170133124405866,0.4325660727267021,0.40379576227614034,0.3876659003230709,0.3458256658293617,0.36588694271695155,0.34138432179185074,0.33239437862996113,0.2680654064412742,0.3032018492768147,0.2883846081793302,0.230983833156436
,,mean:,201.27780652253978,149.24601581344243,164.09968070780576,145.0826562210334,133.74661897919387,137.1399023028177,125.76192820316669,117.39740323138886,112.70789411644138,100.5434898828111,106.37599738322005,99.2522374587591,96.6385498448661,77.9358912411051,88.15127122535498,83.84338642217443,67.15499451540495
bicycle,M,AP:,,0.226,0.387,0.613,0.564,0.549,0.643,0.544,0.762,0.582,0.635,0.758,0.701,0.679,0.713,0.724,0.617
,,loss:,4434.324102897202,3703.336184220855,2532.0858754229994,2428.5142237995574,2126.989982702498,1906.0966607100002,1827.7091323747986,1755.251191948767,1474.6468964581748,1575.5839898464508,1306.63751356122,1356.7683002600004,1207.9781942763211,1197.5546608555194,1119.7406338505,1090.2447849186988,856.926964385811
,,loss变化:,1.0,0.8351523475249025,0.5710195774297689,0.5476627705703487,0.4796649801291727,0.42985055139849526,0.4121731046182777,0.39583286002977536,0.3325527999847152,0.35531547836501853,0.294664414066513,0.30596958381403494,0.27241540452288515,0.27006475689792,0.2525166424165767,0.24586492994645537,0.19324860892011275
,,mean:,192.7967001259653,161.01461670525458,158.25536721393746,151.78213898747234,132.93687391890612,119.13104129437501,114.23182077342491,109.70319949679794,92.16543102863592,98.47399936540317,81.66484459757625,84.79801876625002,75.49863714227007,74.84716630346996,69.98378961565625,68.14029905741867,53.557935274113184
bus,M,AP:,,0.196,0.002,0.216,0.222,0.374,0.28,0.465,0.406,0.393,0.547,0.443,0.56,0.466,0.54,0.499,0.463
,,loss:,2605.3774932508995,2200.861027913101,1301.7007607769992,1086.15242314739,1031.2861388098302,944.2983885626995,778.73403555104,698.3412366870999,661.0414924080001,533.0541812500004,543.1537539128997,531.8105162882998,514.2990864569999,378.49541693811983,390.8754842779999,334.9826946718,356.7208035290999
,,loss变化:,1.0,0.8447378675889854,0.4996207897508097,0.41688869500140135,0.3958298332895427,0.3624420610866784,0.2988948962552689,0.2680384084441191,0.25372196317823237,0.20459767639463022,0.2084741099206976,0.20412033099461724,0.19739906704086696,0.1452746935592225,0.1500264300626467,0.12857357351844634,0.13691712792221766
,,mean:,186.09839237506426,157.20435913665008,144.63341786411104,120.68360257193223,114.5873487566478,104.92204317363328,86.52600395011557,77.5934707430111,73.449054712,59.22824236111116,60.350417101433294,59.09005736536665,57.14434293966666,42.055046326457756,43.43060936422221,37.22029940797778,39.635644836566655
bird,S,AP:,,0.082,0.09,0.325,0.233,0.088,0.124,0.169,0.227,0.214,0.201,0.229,0.183,0.15,0.231,0.165,0.153
,,loss:,633.9326000000001,680.5761221370002,709.9833631688001,558.4468419469998,567.276056614,505.97411955871996,481.8042459799,535.7420804000001,468.75171979320004,397.39922231980006,407.94840212,388.1162681837001,452.85046731,400.2968653567,343.39736336544297,314.38632408000007,304.8111119000002
,,loss变化:,1.0,1.0735780462102755,1.119966638675468,0.8809246313362016,0.8948523180760856,0.7981512854185443,0.760024403193494,0.8451088970657132,0.7394346335765032,0.6268792965053382,0.6435201504387059,0.6122358562782542,0.7143511270914289,0.6314501973186107,0.5416938068265347,0.4959302046936851,0.4808257406228993
,,mean:,45.28090000000001,48.61258015264287,88.74792039610001,69.80585524337498,70.90950707675,63.246764944839995,60.2255307474875,66.96776005000001,58.593964974150005,49.67490278997501,50.993550265,48.51453352296251,56.60630841375,50.0371081695875,42.92467042068037,39.29829051000001,38.10138898750002
horse,M,AP:,,0.26,0.248,0.291,0.229,0.189,0.263,0.241,0.394,0.341,0.404,0.302,0.406,0.329,0.38,0.385,0.479
,,loss:,2391.1542487947,1869.0310232548986,1284.3368314249997,1144.7998472039408,1073.7068737839998,891.1351444338998,901.2555123377601,795.6331749189003,756.0149411750003,687.5836245228,594.2418340047999,629.1253041185598,528.8190079755603,536.6900360956771,455.80636268029986,481.7793012579001,391.16667665032014
,,loss变化:,1.0,0.7816438543004969,0.5371200256413364,0.47876453297857957,0.449032877876958,0.3726799075731274,0.37691232708724354,0.3327402133592813,0.31617154834577565,0.28755301958014123,0.24851672965235805,0.2631052783130493,0.22115637593941095,0.2244481034070488,0.190621898570557,0.20148399104773296,0.1635890603241067
,,mean:,239.11542487947,186.90310232548987,160.54210392812496,143.0999809004926,134.21335922299997,111.39189305423747,112.65693904222002,99.45414686486254,94.50186764687504,85.94795306535,74.28022925059999,78.64066301481998,66.10237599694504,67.08625451195964,56.97579533503748,60.22241265723751,48.89583458129002
dog,M,AP:,,0.059,0.216,0.072,0.288,0.352,0.143,0.326,0.453,0.356,0.351,0.358,0.38,0.497,0.484,0.425,0.373
,,loss:,2099.4998420370016,1801.9073092532694,1105.8998287176003,897.7331095539998,829.5987672895832,762.0888376318501,764.9760798182298,676.2846711844397,646.6169576914,463.07552567389985,508.05490250773965,363.82117139179985,357.36096499230024,347.15515639589995,354.5463831726081,384.0193310920001,281.0023282469
,,loss变化:,1.0,0.8582555107529808,0.5267444210163031,0.42759379714122325,0.3951411429898847,0.36298589900937894,0.36436110377413766,0.322117038374381,0.30798619020805995,0.22056468707547472,0.2419885404777209,0.17328944928083878,0.17021242766352263,0.1653513610456283,0.16887183131607952,0.1829099118766364,0.13384250983046642
,,mean:,190.8636220033638,163.80975538666087,157.98568981680003,128.24758707914285,118.5141096127976,108.86983394740716,109.28229711688996,96.61209588349139,92.37385109877142,66.15364652484284,72.57927178681994,51.97445305597141,51.051566427471464,49.59359377084285,50.64948331037259,54.8599044417143,40.143189749557145
train,M,AP:,,0.026,0.261,0.214,0.305,0.096,0.451,0.186,0.431,0.42,0.197,0.377,0.232,0.333,0.277,0.309,0.356
,,loss:,1404.36203426,1114.9375565117095,979.5221108856001,777.3656237022994,828.7700140120787,605.5997732662998,540.1141943604,387.57491684299987,277.70657428849995,393.69827069380983,531.080726313,336.68611104449974,258.001421482471,291.66702621527753,260.7347507685242,255.05756624780017,217.29609724432697
,,loss变化:,1.0,0.7939103516844951,0.6974854681269844,0.5535364847084581,0.5901398598038733,0.4312276738422428,0.38459754762952003,0.27597934676952773,0.19774571478987024,0.28033958558361427,0.37816511224104843,0.23974310244146524,0.18371432379145702,0.2076864932972683,0.18566063764740914,0.18161810133396095,0.15472940163810878
,,mean:,200.62314775142858,159.27679378738708,163.2536851476,129.56093728371658,138.1283356686798,100.93329554438331,90.0190323934,64.59581947383332,46.284429048083325,65.6163784489683,88.5134543855,56.114351840749954,43.00023691374517,48.611171035879586,43.45579179475403,42.50959437463336,36.21601620738783
pottedplant,S,AP:,,0.014,0.072,0.117,0.119,0.132,0.053,0.145,0.221,0.187,0.287,0.188,0.238,0.223,0.183,0.196,0.18
,,loss:,202.96954689999998,197.14139999999998,98.1906,91.15961893,95.39488922200002,84.0908,83.1909,64.34953218999999,65.85074709999999,59.2809,75.02120627999999,49.261700000000005,49.65862719999999,43.9734690296,44.13893079899999,33.940519433999995,22.740389999999998
,,loss变化:,1.0,0.9712856091516455,0.48377010984991275,0.4491295385061531,0.4699960692576194,0.4143025457973273,0.4098688757530059,0.3170403302999145,0.32443658719129753,0.29206795258407314,0.3696180408628581,0.24270488234508636,0.24466048211885716,0.21665057493213535,0.21746577983320126,0.1672197625327605,0.11203843309165895
,,mean:,33.828257816666664,32.856899999999996,24.54765,22.7899047325,23.848722305500004,21.0227,20.797725,16.087383047499998,16.462686774999998,14.820225,18.755301569999997,12.315425000000001,12.414656799999998,10.9933672574,11.034732699749998,8.485129858499999,5.6850974999999995
cat,M,AP:,,0.163,0.08,0.175,0.405,0.31,0.409,0.543,0.103,0.442,0.608,0.223,0.673,0.571,0.643,0.616,0.561
,,loss:,1417.3990963709746,1272.4872389200004,965.1428900600001,768.1411090493001,617.7364470471,570.9327724905999,556.57907420349,421.30631323000006,657.5679109633996,447.16820756870015,324.70394060050006,317.0369354419999,373.4235710141,288.36357631684405,258.286090894,201.88382126871494,234.42415610999996
,,loss变化:,1.0,0.8977621350105288,0.6809252895187357,0.5419370669954591,0.4358239317555064,0.4028031158989607,0.39267632922055784,0.297239016384791,0.46392573033734674,0.3154850378510917,0.229084342886808,0.22367513585533016,0.2634568993095817,0.2034455765176888,0.1822253813730378,0.14243258781920098,0.16539036655957084
,,mean:,236.23318272849576,212.08120648666673,241.28572251500003,192.03527726232502,154.434111761775,142.73319312264996,139.1447685508725,105.32657830750001,164.3919777408499,111.79205189217504,81.17598515012502,79.25923386049998,93.355892753525,72.09089407921101,64.5715227235,50.470955317178735,58.60603902749999
sofa,M,AP:,,0.083,0.0,0.0,0.089,0.102,0.17,0.055,0.17,0.145,0.254,0.075,0.202,0.124,0.21,0.054,0.061
,,loss:,1779.8570251810008,1513.7378802819999,597.0437508,608.5577350699999,668.7843596800002,508.0200680000001,500.5066340099999,348.58269022157793,408.1606460430209,352.3139309642,254.36592812079988,293.5301850437,292.70376332200004,240.01509896700003,216.64156939719996,194.20422563537,264.8302394275
,,loss变化:,1.0,0.8504828527606377,0.3354447814364664,0.3419138315383019,0.37575173186283806,0.2854274589546525,0.28120608955042414,0.19584870317666614,0.2293221535597858,0.19794507422773,0.14291368605572818,0.1649178450240123,0.16445352586241235,0.13485077484950903,0.12171852364105973,0.1091122617647452,0.14879298487504533
,,mean:,254.26528931157154,216.24826861171428,199.0145836,202.85257835666664,222.9281198933334,169.3400226666667,166.83554466999996,116.19423007385932,136.05354868100696,117.43797698806667,84.78864270693329,97.84339501456667,97.56792110733335,80.00503298900001,72.21385646573331,64.73474187845666,88.27674647583332
boat,S,AP:,,0.118,0.138,0.191,0.142,0.34,0.087,0.433,0.351,0.21,0.289,0.41,0.206,0.234,0.317,0.355,0.193
,,loss:,143.51281499019998,131.49390344,191.72898604000002,153.6825352,178.54749656,142.78260000000003,232.14690000000002,146.75776945,114.6751858851,127.16969999999998,104.75730068170999,112.34783408000001,85.37864042,85.509891224,137.1061,118.693091781,116.76631899999998
,,loss变化:,1.0,0.9162519977674417,1.3359711887268921,1.0708628021162743,1.2441223215654464,0.9949118481840815,1.6176039750586215,1.0226109038417344,0.7990588568200742,0.886120866688344,0.7299508457754349,0.7828418255726631,0.5949199757933131,0.5958345338696003,0.955357889184757,0.82705570083832,0.8136299117815615
,,mean:,23.918802498366663,21.915650573333334,63.90966201333334,51.22751173333333,59.51583218666667,47.59420000000001,77.3823,48.919256483333335,38.2250619617,42.38989999999999,34.91910022723666,37.44927802666667,28.459546806666665,28.503297074666666,45.70203333333333,39.564363927,38.922106333333325
cow,S,AP:,,0.076,0.12,0.119,0.301,0.244,0.092,0.192,0.21,0.19,0.452,0.303,0.486,0.333,0.372,0.425,0.507
,,loss:,198.021723326,160.29386834000002,184.80988790000004,186.29399346179997,175.9722,164.47560642554302,145.78784000000002,154.30738517999998,131.7483,120.16781999999999,96.80258000000002,93.64561100000002,92.13201566400001,77.70941233,81.30869849999999,77.11932908400001,57.547665243000004
,,loss变化:,1.0,0.8094761809345068,0.9332808784607458,0.9407755388286726,0.8886509876004854,0.8305937533669953,0.7362214485932527,0.7792447343060751,0.6653224595117015,0.6068416029395403,0.48884828580466133,0.4729057470418674,0.46526216475918925,0.3924287246105229,0.4106049434088743,0.3894488331315029,0.29061288971947896
,,mean:,39.6043446652,32.058773668,61.60329596666668,62.09799782059999,58.657399999999996,54.825202141847676,48.59594666666667,51.43579506,43.9161,40.05594,32.267526666666676,31.21520366666667,30.710671888000004,25.903137443333335,27.102899499999996,25.706443028000006,19.182555081
chair,S,AP:,,0.028,0.025,0.029,0.052,0.038,0.028,0.031,0.068,0.035,0.059,0.029,0.043,0.065,0.088,0.084,0.068
,,loss:,517.7822,486.5213567909999,244.68505059,230.10750649999997,213.72464770999994,212.26925260000002,210.7832,187.02157949999997,191.22455882999995,172.22860000000003,207.60188586,174.36689590999998,151.68600211,156.33530000000002,118.77746130999999,124.92369603600001,160.9709292
,,loss变化:,1.0,0.9396254965717243,0.4725636582138204,0.44440984355970525,0.412769399392254,0.40995857447397765,0.40708854031675856,0.3611973905244328,0.36931466325030093,0.33262750245180317,0.40094442385234574,0.33675722323015345,0.29295329601905973,0.3019325500181351,0.2293965712031043,0.24126688023651643,0.3108854054851634
,,mean:,64.722775,60.81516959887499,122.342525295,115.05375324999999,106.86232385499997,106.13462630000001,105.3916,93.51078974999999,95.61227941499997,86.11430000000001,103.80094293,87.18344795499999,75.843001055,78.16765000000001,59.388730654999996,62.461848018000005,80.4854646
tvmonitor,S,AP:,,0.0,0.0,0.0,0.006,0.034,0.041,0.201,0.144,0.063,0.129,0.094,0.119,0.055,0.184,0.168,0.158
,,loss:,488.26109617540004,496.37494244,109.915,98.26299999999999,97.4714358,93.7433,84.6241,77.52380000000001,81.07855966,75.4448,68.63680000000001,72.36499999999998,71.91234159999999,76.7167,72.02590000000001,73.100168882,76.664612006
,,loss变化:,1.0,1.0166178430519175,0.22511521163773984,0.2012509306387592,0.1996297402424725,0.1919942029670212,0.1733173104776714,0.15877529585554118,0.16605574413996282,0.15451732810778285,0.1405739685951619,0.14820963735764026,0.1472825546890728,0.15712228682753937,0.14751513189190457,0.14971532537529864,0.1570156062125816
,,mean:,97.65221923508001,99.27498848799999,54.9575,49.131499999999996,48.7357179,46.87165,42.31205,38.761900000000004,40.53927983,37.7224,34.318400000000004,36.18249999999999,35.956170799999995,38.35835,36.012950000000004,36.550084441,38.332306003
motorbike,S,AP:,,0.0,0.0,0.08,0.129,0.033,0.0,0.1,0.2,0.173,0.025,0.3,0.209,0.125,0.25,0.111,0.182
,,loss:,257.95440663000005,175.18769690000002,99.4371,100.42947999000002,92.6372,91.47519999999999,91.4905,77.0768,83.70719505000001,73.2625646696,68.72245126,57.151664533000016,52.0856,86.43270000000001,49.98039490000001,89.60000000000001,52.61871000000001
,,loss变化:,1.0,0.6791420979726954,0.3854832382942338,0.3893303522201589,0.3591223782925146,0.3546177062646908,0.35467701907194193,0.2988000903219925,0.32450383826963036,0.28401361940943715,0.26641317028777445,0.22155723284454754,0.20191785316042143,0.33506967812329636,0.19375670124406907,0.3473482045550741,0.20398453621098356
,,mean:,128.97720331500003,87.59384845000001,99.4371,100.42947999000002,92.6372,91.47519999999999,91.4905,77.0768,83.70719505000001,73.2625646696,68.72245126,57.151664533000016,52.0856,86.43270000000001,49.98039490000001,89.60000000000001,52.61871000000001
diningtable,M,AP:,,0.0,0.0,0.001,0.002,0.036,0.012,0.011,0.045,0.089,0.029,0.016,0.023,0.017,0.038,0.026,0.004
,,loss:,879.3608037500001,802.2323960750002,0.0,0.0,0.0,0.0,0.0,0.0,0.0,0.0,0.0,0.0,0.0,0.0,0.0,0.0,0.0
,,loss变化:,1.0,0.9122903734779981,0.0,0.0,0.0,0.0,0.0,0.0,0.0,0.0,0.0,0.0,0.0,0.0,0.0,0.0,0.0
,,mean:,219.84020093750001,200.55809901875006,0,0,0,0,0,0,0,0,0,0,0,0,0,0,0
aeroplane,S,AP:,,0.096,0.103,0.136,0.168,0.237,0.196,0.366,0.183,0.421,0.193,0.363,0.103,0.173,0.0,0.231,0.327
,,loss:,113.32009999999998,66.27770000000001,0.0,0.0,0.0,0.0,0.0,0.0,0.0,0.0,0.0,0.0,0.0,0.0,0.0,0.0,0.0
,,loss变化:,1.0,0.5848715276460223,0.0,0.0,0.0,0.0,0.0,0.0,0.0,0.0,0.0,0.0,0.0,0.0,0.0,0.0,0.0
,,mean:,113.32009999999998,66.27770000000001,0,0,0,0,0,0,0,0,0,0,0,0,0,0,0
train,S,AP:,,0.0,0.5,0.0,0.833,0.0,1.0,0.0,0.5,1.0,0.0,0.5,0.5,0.5,0.5,0.5,0.0
,,loss:,0.0,0.0,0.0,0.0,0.0,0.0,0.0,0.0,0.0,0.0,0.0,0.0,0.0,0.0,0.0,0.0,0.0
,,loss变化:,0,0,0,0,0,0,0,0,0,0,0,0,0,0,0,0,0
,,mean:,0,0,0,0,0,0,0,0,0,0,0,0,0,0,0,0,0
sofa,S,AP:,,0.0,0.0,0.0,0.0,0.0,0.0,0.0,0.0,0.0,0.0,0.0,0.0,0.0,0.0,0.0,0.0
,,loss:,0.0,0.0,0.0,0.0,0.0,0.0,0.0,0.0,0.0,0.0,0.0,0.0,0.0,0.0,0.0,0.0,0.0
,,loss变化:,0,0,0,0,0,0,0,0,0,0,0,0,0,0,0,0,0
,,mean:,0,0,0,0,0,0,0,0,0,0,0,0,0,0,0,0,0
horse,S,AP:,,0.0,0.0,0.25,0.125,0.0,0.0,0.0,0.083,0.25,0.25,0.0,0.0,0.25,0.0,0.25,0.0
,,loss:,0.0,0.0,0.0,0.0,0.0,0.0,0.0,0.0,0.0,0.0,0.0,0.0,0.0,0.0,0.0,0.0,0.0
,,loss变化:,0,0,0,0,0,0,0,0,0,0,0,0,0,0,0,0,0
,,mean:,0,0,0,0,0,0,0,0,0,0,0,0,0,0,0,0,0
diningtable,S,AP:,,0.0,0.0,0.0,0.0,0.0,0.0,0.0,0.0,0.0,0.0,0.0,0.0,0.0,0.0,0.0,0.0
,,loss:,0.0,0.0,0.0,0.0,0.0,0.0,0.0,0.0,0.0,0.0,0.0,0.0,0.0,0.0,0.0,0.0,0.0
,,loss变化:,0,0,0,0,0,0,0,0,0,0,0,0,0,0,0,0,0
,,mean:,0,0,0,0,0,0,0,0,0,0,0,0,0,0,0,0,0
cat,S,AP:,,0.0,0.0,0.0,0.0,0.0,0.0,0.0,0.0,0.125,0.0,0.0,0.0,0.0,0.0,0.0,0.0
,,loss:,0.0,0.0,0.0,0.0,0.0,0.0,0.0,0.0,0.0,0.0,0.0,0.0,0.0,0.0,0.0,0.0,0.0
,,loss变化:,0,0,0,0,0,0,0,0,0,0,0,0,0,0,0,0,0
,,mean:,0,0,0,0,0,0,0,0,0,0,0,0,0,0,0,0,0
bicycle,S,AP:,,0.0,0.0,0.006,0.033,0.075,0.017,0.0,0.064,0.0,0.0,0.033,0.012,0.042,0.017,0.04,0.0
,,loss:,0.0,0.0,0.0,0.0,0.0,0.0,0.0,0.0,0.0,0.0,0.0,0.0,0.0,0.0,0.0,0.0,0.0
,,loss变化:,0,0,0,0,0,0,0,0,0,0,0,0,0,0,0,0,0
,,mean:,0,0,0,0,0,0,0,0,0,0,0,0,0,0,0,0,0
dog,S,AP:,,0.0,0.0,0.0,0.0,0.0,0.0,0.0,0.0,0.0,0.0,0.0,0.0,0.0,0.0,0.0,0.0
,,loss:,0.0,0.0,0.0,0.0,0.0,0.0,0.0,0.0,0.0,0.0,0.0,0.0,0.0,0.0,0.0,0.0,0.0
,,loss变化:,0,0,0,0,0,0,0,0,0,0,0,0,0,0,0,0,0
,,mean:,0,0,0,0,0,0,0,0,0,0,0,0,0,0,0,0,0
bus,S,AP:,,0.0,0.0,0.0,0.0,0.01,0.0,0.0,0.0,0.042,0.017,0.0,0.0,0.067,0.117,0.0,0.012
,,loss:,0.0,0.0,0.0,0.0,0.0,0.0,0.0,0.0,0.0,0.0,0.0,0.0,0.0,0.0,0.0,0.0,0.0
,,loss变化:,0,0,0,0,0,0,0,0,0,0,0,0,0,0,0,0,0
,,mean:,0,0,0,0,0,0,0,0,0,0,0,0,0,0,0,0,0
